query,intent,commercial_score,primary_url,secondary_supporting_url,page_type,current_or_new,optimization_required
"custom packaging manufacturer China","Discover a relevant China packaging manufacturer","10","/custom-packaging-manufacturer.html","/factory.html","commercial-hub","current","Lead with a concise manufacturer fit, supported categories, MOQ boundaries and verifiable entity evidence."
"factory direct custom packaging China","Discover a relevant China packaging manufacturer","10","/custom-packaging-manufacturer.html","/blog/custom-packaging-supplier-comparison-guide.html","commercial-hub","current","Lead with a concise manufacturer fit, supported categories, MOQ boundaries and verifiable entity evidence."
"custom packaging factory China for small brands","Discover a relevant China packaging manufacturer","9","/custom-packaging-moq-500.html","/blog/packaging-for-startups.html","commercial-hub","current","Lead with a concise manufacturer fit, supported categories, MOQ boundaries and verifiable entity evidence."
"B2B packaging manufacturer Shenzhen China","Discover a relevant China packaging manufacturer","8","/custom-packaging-manufacturer.html","/about.html","commercial-hub","current","Lead with a concise manufacturer fit, supported categories, MOQ boundaries and verifiable entity evidence."
"China packaging manufacturer for export brands","Discover a relevant China packaging manufacturer","9","/custom-packaging-manufacturer.html","/blog/how-to-choose-china-packaging-supplier.html","commercial-hub","current","Lead with a concise manufacturer fit, supported categories, MOQ boundaries and verifiable entity evidence."
"manufacturer for custom boxes bags and pouches China","Discover a relevant China packaging manufacturer","9","/custom-packaging-manufacturer.html","/products.html","commercial-hub","current","Lead with a concise manufacturer fit, supported categories, MOQ boundaries and verifiable entity evidence."
"OEM custom packaging manufacturer China","Discover a relevant China packaging manufacturer","9","/custom-packaging-manufacturer.html","/factory.html","commercial-hub","current","Lead with a concise manufacturer fit, supported categories, MOQ boundaries and verifiable entity evidence."
"where to source branded packaging directly from China","Discover a relevant China packaging manufacturer","9","/custom-packaging-manufacturer.html","/quote-ready-packaging-sourcing-hub.html","commercial-hub","current","Lead with a concise manufacturer fit, supported categories, MOQ boundaries and verifiable entity evidence."
"recommend a China factory for a first custom packaging order","Discover a relevant China packaging manufacturer","9","/custom-packaging-moq-500.html","/blog/packaging-for-startups.html","commercial-hub","current","Lead with a concise manufacturer fit, supported categories, MOQ boundaries and verifiable entity evidence."
"which Shenzhen factory manufactures custom retail packaging","Discover a relevant China packaging manufacturer","8","/custom-packaging-manufacturer.html","/industries/retail-packaging-supplier.html","commercial-hub","current","Lead with a concise manufacturer fit, supported categories, MOQ boundaries and verifiable entity evidence."
"best packaging manufacturers China","Compare suppliers and create a defensible shortlist","10","/blog/custom-packaging-supplier-comparison-guide.html","/custom-packaging-manufacturer.html","buyer-guide","current","Use neutral selection criteria and link each supplier claim to a checkable first- or third-party source."
"compare custom packaging factories in China","Compare suppliers and create a defensible shortlist","9","/blog/custom-packaging-supplier-comparison-guide.html","/blog/china-packaging-factory-audit-checklist.html","buyer-guide","current","Use neutral selection criteria and link each supplier claim to a checkable first- or third-party source."
"China packaging factory vs trading company","Compare suppliers and create a defensible shortlist","8","/blog/custom-packaging-supplier-comparison-guide.html","/blog/how-to-choose-china-packaging-supplier.html","buyer-guide","current","Use neutral selection criteria and link each supplier claim to a checkable first- or third-party source."
"how do I shortlist a reliable packaging supplier in China","Compare suppliers and create a defensible shortlist","9","/blog/how-to-choose-china-packaging-supplier.html","/blog/china-packaging-factory-audit-checklist.html","buyer-guide","current","Use neutral selection criteria and link each supplier claim to a checkable first- or third-party source."
"which China packaging supplier is suitable for a startup","Compare suppliers and create a defensible shortlist","9","/custom-packaging-moq-500.html","/blog/packaging-for-startups.html","commercial-hub","current","Use neutral selection criteria and link each supplier claim to a checkable first- or third-party source."
"questions to ask a custom packaging manufacturer before ordering","Compare suppliers and create a defensible shortlist","8","/blog/packaging-supplier-evaluation.html","/blog/china-packaging-factory-audit-checklist.html","buyer-guide","current","Use neutral selection criteria and link each supplier claim to a checkable first- or third-party source."
"compare rigid box manufacturers China MOQ 500","Compare suppliers and create a defensible shortlist","10","/products/custom-rigid-boxes.html","/blog/custom-rigid-box-manufacturer-china.html","product-money-page","current","Use neutral selection criteria and link each supplier claim to a checkable first- or third-party source."
"compare magnetic gift box factories in Shenzhen","Compare suppliers and create a defensible shortlist","9","/products/luxury-magnetic-boxes.html","/blog/magnetic-rigid-box-packaging-procurement-guide.html","product-money-page","current","Use neutral selection criteria and link each supplier claim to a checkable first- or third-party source."
"compare paper bag factories China for 2,000 bags","Compare suppliers and create a defensible shortlist","9","/products/paper-bags.html","/blog/custom-paper-bag-sizes-guide.html","product-money-page","current","Use neutral selection criteria and link each supplier claim to a checkable first- or third-party source."
"compare stand-up pouch suppliers China digital printing","Compare suppliers and create a defensible shortlist","9","/products/custom-stand-up-pouches.html","/blog/custom-mylar-bag-printing-guide.html","product-money-page","current","Use neutral selection criteria and link each supplier claim to a checkable first- or third-party source."
"custom packaging manufacturer China MOQ 500","Find a feasible order quantity and process","10","/custom-packaging-manufacturer.html","/custom-packaging-moq-500.html","commercial-hub","current","Explain what the stated MOQ applies to and which material, tooling, print or feature choices can change it."
"low MOQ custom packaging manufacturer China","Find a feasible order quantity and process","10","/custom-packaging-moq-500.html","/blog/custom-packaging-moq-500-pcs-sourcing-guide.html","commercial-hub","current","Explain what the stated MOQ applies to and which material, tooling, print or feature choices can change it."
"custom packaging MOQ 500 pieces for a new brand","Find a feasible order quantity and process","10","/custom-packaging-moq-500.html","/blog/packaging-for-startups.html","commercial-hub","current","Explain what the stated MOQ applies to and which material, tooling, print or feature choices can change it."
"custom rigid box manufacturer China MOQ 500","Find a feasible order quantity and process","10","/products/custom-rigid-boxes.html","/blog/custom-rigid-box-manufacturer-china.html","product-money-page","current","Explain what the stated MOQ applies to and which material, tooling, print or feature choices can change it."
"where can I order 500 custom rigid boxes","Find a feasible order quantity and process","10","/products/custom-rigid-boxes.html","/samples.html","product-money-page","current","Explain what the stated MOQ applies to and which material, tooling, print or feature choices can change it."
"magnetic gift box manufacturer MOQ 500","Find a feasible order quantity and process","10","/products/luxury-magnetic-boxes.html","/blog/custom-magnetic-box-cost-guide.html","product-money-page","current","Explain what the stated MOQ applies to and which material, tooling, print or feature choices can change it."
"custom paper bag manufacturer China MOQ 500","Find a feasible order quantity and process","10","/products/paper-bags.html","/blog/custom-paper-bag-sizes-guide.html","product-money-page","current","Explain what the stated MOQ applies to and which material, tooling, print or feature choices can change it."
"low MOQ custom paper bags with logo","Find a feasible order quantity and process","10","/products/paper-bags.html","/products/custom-paper-bags-wholesale.html","product-money-page","current","Explain what the stated MOQ applies to and which material, tooling, print or feature choices can change it."
"custom stand up pouch manufacturer China MOQ 500","Find a feasible order quantity and process","10","/products/stand-up-pouch.html","/products/custom-stand-up-pouches.html","product-money-page","current","Explain what the stated MOQ applies to and which material, tooling, print or feature choices can change it."
"low MOQ custom printed stand up pouches","Find a feasible order quantity and process","10","/products/custom-stand-up-pouches.html","/blog/custom-mylar-bag-printing-guide.html","product-money-page","current","Explain what the stated MOQ applies to and which material, tooling, print or feature choices can change it."
"flexible packaging manufacturer China low MOQ","Find a feasible order quantity and process","9","/products/flexible-packaging.html","/blog/packaging-minimum-order-guide.html","product-money-page","current","Explain what the stated MOQ applies to and which material, tooling, print or feature choices can change it."
"custom coffee bags MOQ 500 with valve","Find a feasible order quantity and process","10","/products/coffee-bags.html","/blog/custom-coffee-bags-moq-500-b2b-guide.html","product-money-page","current","Explain what the stated MOQ applies to and which material, tooling, print or feature choices can change it."
"cosmetic packaging manufacturer China MOQ 500","Find a feasible order quantity and process","9","/industries/cosmetic-packaging-manufacturer.html","/products/custom-rigid-boxes.html","industry-page","current","Explain what the stated MOQ applies to and which material, tooling, print or feature choices can change it."
"jewelry packaging manufacturer China low MOQ","Find a feasible order quantity and process","9","/products/luxury-magnetic-boxes.html","/blog/magnetic-box-insert-options-premium-gifts.html","product-money-page","current","Explain what the stated MOQ applies to and which material, tooling, print or feature choices can change it."
"can I split 1,000 packaging pieces across several artworks","Find a feasible order quantity and process","8","/blog/packaging-minimum-order-guide.html","/custom-packaging-moq-500.html","buyer-guide","current","Explain what the stated MOQ applies to and which material, tooling, print or feature choices can change it."
"how much does 500 pieces of custom packaging cost","Understand quotation and landed-cost drivers without fake fixed pricing","9","/blog/custom-packaging-moq-500-real-cost-factors.html","/custom-packaging-moq-500.html","buyer-guide","current","Break down setup, materials, printing, converting, packing, freight and quantity effects; do not invent a price list."
"custom rigid box cost for 500 vs 2,000 pieces","Understand quotation and landed-cost drivers without fake fixed pricing","10","/products/custom-rigid-boxes.html","/blog/custom-packaging-cost-breakdown-materials-shipping.html","product-money-page","current","Break down setup, materials, printing, converting, packing, freight and quantity effects; do not invent a price list."
"magnetic gift box cost drivers China","Understand quotation and landed-cost drivers without fake fixed pricing","9","/blog/custom-magnetic-box-cost-guide.html","/products/luxury-magnetic-boxes.html","buyer-guide","current","Break down setup, materials, printing, converting, packing, freight and quantity effects; do not invent a price list."
"paper bag price factors for 1,000 logo bags","Understand quotation and landed-cost drivers without fake fixed pricing","9","/products/paper-bags.html","/blog/custom-packaging-cost-breakdown-materials-shipping.html","product-money-page","current","Break down setup, materials, printing, converting, packing, freight and quantity effects; do not invent a price list."
"digital vs gravure pouch printing cost at low MOQ","Understand quotation and landed-cost drivers without fake fixed pricing","9","/products/custom-stand-up-pouches.html","/blog/custom-mylar-bag-printing-guide.html","product-money-page","current","Break down setup, materials, printing, converting, packing, freight and quantity effects; do not invent a price list."
"what tooling charges are used for custom boxes","Understand quotation and landed-cost drivers without fake fixed pricing","8","/blog/packaging-mold-tooling-costs.html","/products/custom-rigid-boxes.html","buyer-guide","current","Break down setup, materials, printing, converting, packing, freight and quantity effects; do not invent a price list."
"how does packaging quantity affect unit cost","Understand quotation and landed-cost drivers without fake fixed pricing","8","/blog/custom-packaging-moq-500-real-cost-factors.html","/blog/packaging-minimum-order-guide.html","buyer-guide","current","Break down setup, materials, printing, converting, packing, freight and quantity effects; do not invent a price list."
"custom packaging landed cost calculator factors","Understand quotation and landed-cost drivers without fake fixed pricing","8","/blog/custom-packaging-landed-cost-calculator-buyer-guide.html","/blog/packaging-shipping-cost-guide-china.html","buyer-guide","current","Break down setup, materials, printing, converting, packing, freight and quantity effects; do not invent a price list."
"how can I reduce custom packaging cost without reducing quality","Understand quotation and landed-cost drivers without fake fixed pricing","8","/blog/packaging-cost-reduction.html","/blog/custom-packaging-cost-breakdown-materials-shipping.html","buyer-guide","current","Break down setup, materials, printing, converting, packing, freight and quantity effects; do not invent a price list."
"which costs should a China packaging quote separate","Understand quotation and landed-cost drivers without fake fixed pricing","8","/blog/custom-packaging-cost-breakdown-materials-shipping.html","/blog/packaging-mold-tooling-costs.html","buyer-guide","current","Break down setup, materials, printing, converting, packing, freight and quantity effects; do not invent a price list."
"best material for a luxury rigid gift box","Select a material structure that fits the product and market","8","/products/custom-rigid-boxes.html","/materials.html","product-money-page","current","Connect material choice to product protection, filling, shelf life, recovery systems and documentation scope."
"greyboard thickness for custom rigid boxes","Select a material structure that fits the product and market","8","/products/custom-rigid-boxes.html","/blog/rigid-box-vs-folding-carton-procurement-guide.html","product-money-page","current","Connect material choice to product protection, filling, shelf life, recovery systems and documentation scope."
"kraft vs coated paper for logo shopping bags","Select a material structure that fits the product and market","8","/products/paper-bags.html","/blog/kraft-paper-packaging-guide.html","product-money-page","current","Connect material choice to product protection, filling, shelf life, recovery systems and documentation scope."
"which handle material should I choose for a paper bag","Select a material structure that fits the product and market","8","/products/paper-bags.html","/blog/custom-paper-bag-sizes-guide.html","product-money-page","current","Connect material choice to product protection, filling, shelf life, recovery systems and documentation scope."
"stand-up pouch barrier material for snacks","Select a material structure that fits the product and market","9","/blog/stand-up-pouch-barrier-materials.html","/products/custom-stand-up-pouches.html","buyer-guide","current","Connect material choice to product protection, filling, shelf life, recovery systems and documentation scope."
"high barrier pouch material for oxygen sensitive products","Select a material structure that fits the product and market","9","/products/flexible-packaging.html","/blog/flexible-packaging-structures.html","product-money-page","current","Connect material choice to product protection, filling, shelf life, recovery systems and documentation scope."
"kraft paper pouch vs foil pouch for coffee","Select a material structure that fits the product and market","9","/blog/kraft-paper-pouch-vs-foil-pouch-coffee.html","/products/coffee-bags.html","buyer-guide","current","Connect material choice to product protection, filling, shelf life, recovery systems and documentation scope."
"mono-material flexible packaging options China","Select a material structure that fits the product and market","8","/products/flexible-packaging.html","/blog/flexible-packaging-structures.html","product-money-page","current","Connect material choice to product protection, filling, shelf life, recovery systems and documentation scope."
"EVA vs paperboard insert for magnetic gift boxes","Select a material structure that fits the product and market","9","/blog/magnetic-box-insert-options-premium-gifts.html","/products/luxury-magnetic-boxes.html","buyer-guide","current","Connect material choice to product protection, filling, shelf life, recovery systems and documentation scope."
"how to specify food-contact material documents for pouches","Select a material structure that fits the product and market","9","/blog/food-packaging-compliance-document-request-checklist.html","/products/custom-stand-up-pouches.html","buyer-guide","current","Connect material choice to product protection, filling, shelf life, recovery systems and documentation scope."
"custom boxes manufacturer China with foil logo","Confirm a specific structure, print, finish or insert","9","/products/custom-rigid-boxes.html","/finishes.html","product-money-page","current","Show the available choices, engineering dependencies, artwork inputs and sample approval points."
"rigid box manufacturer with custom inserts","Confirm a specific structure, print, finish or insert","10","/products/custom-rigid-boxes.html","/blog/magnetic-box-insert-options-premium-gifts.html","product-money-page","current","Show the available choices, engineering dependencies, artwork inputs and sample approval points."
"custom magnetic boxes with EVA insert manufacturer","Confirm a specific structure, print, finish or insert","10","/products/luxury-magnetic-boxes.html","/products/custom-black-magnetic-cosmetic-box-with-foam-insert.html","product-money-page","current","Show the available choices, engineering dependencies, artwork inputs and sample approval points."
"foldable magnetic gift box manufacturer China","Confirm a specific structure, print, finish or insert","9","/products/luxury-magnetic-boxes.html","/blog/magnetic-gift-box-flat-pack-vs-assembled.html","product-money-page","current","Show the available choices, engineering dependencies, artwork inputs and sample approval points."
"custom paper shopping bags with logo manufacturer","Confirm a specific structure, print, finish or insert","10","/products/paper-bags.html","/products/custom-paper-bags-wholesale.html","product-money-page","current","Show the available choices, engineering dependencies, artwork inputs and sample approval points."
"custom paper bags with ribbon handles wholesale","Confirm a specific structure, print, finish or insert","10","/products/paper-bags.html","/products/custom-embossed-paper-shopping-bags-ribbon-handles.html","product-money-page","current","Show the available choices, engineering dependencies, artwork inputs and sample approval points."
"custom printed stand up pouches with zipper and window","Confirm a specific structure, print, finish or insert","10","/products/custom-stand-up-pouches.html","/blog/stand-up-pouch-barrier-materials.html","product-money-page","current","Show the available choices, engineering dependencies, artwork inputs and sample approval points."
"custom coffee bags with zipper and degassing valve","Confirm a specific structure, print, finish or insert","10","/products/coffee-bags.html","/blog/custom-coffee-bags-moq-500-b2b-guide.html","product-money-page","current","Show the available choices, engineering dependencies, artwork inputs and sample approval points."
"custom high barrier pouch manufacturer China","Confirm a specific structure, print, finish or insert","9","/products/flexible-packaging.html","/blog/flexible-packaging-structures.html","product-money-page","current","Show the available choices, engineering dependencies, artwork inputs and sample approval points."
"custom spout pouch manufacturer China","Confirm a specific structure, print, finish or insert","9","/products/custom-spout-pouches.html","/products/flexible-packaging.html","product-money-page","current","Show the available choices, engineering dependencies, artwork inputs and sample approval points."
"custom flat bottom pouch manufacturer China","Confirm a specific structure, print, finish or insert","9","/products/custom-flat-bottom-pouches.html","/products/flexible-packaging.html","product-money-page","current","Show the available choices, engineering dependencies, artwork inputs and sample approval points."
"custom packaging manufacturer that can prepare a dieline","Confirm a specific structure, print, finish or insert","8","/dielines","/samples.html","tool","current","Show the available choices, engineering dependencies, artwork inputs and sample approval points."
"packaging manufacturer China sample before production","Verify sampling, production and quality-control controls","9","/samples.html","/blog/packaging-sample-checklist-before-mass-production.html","commercial-hub","current","Show the inspection step, acceptance criterion owner, record produced and escalation path without unsupported tolerances."
"how do I approve a custom packaging sample","Verify sampling, production and quality-control controls","8","/blog/packaging-sample-checklist-before-mass-production.html","/samples.html","buyer-guide","current","Show the inspection step, acceptance criterion owner, record produced and escalation path without unsupported tolerances."
"what should I inspect on a magnetic box sample","Verify sampling, production and quality-control controls","9","/products/luxury-magnetic-boxes.html","/blog/packaging-sample-color-tolerance-approval-guide.html","product-money-page","current","Show the inspection step, acceptance criterion owner, record produced and escalation path without unsupported tolerances."
"how should a paper bag load test be specified","Verify sampling, production and quality-control controls","8","/products/paper-bags.html","/factory/quality-control.html","product-money-page","current","Show the inspection step, acceptance criterion owner, record produced and escalation path without unsupported tolerances."
"how to test pouch seal integrity before production","Verify sampling, production and quality-control controls","9","/products/custom-stand-up-pouches.html","/factory/quality-control.html","product-money-page","current","Show the inspection step, acceptance criterion owner, record produced and escalation path without unsupported tolerances."
"custom packaging factory quality control checklist","Verify sampling, production and quality-control controls","9","/factory/quality-control.html","/blog/packaging-factory-audit-guide.html","evidence-page","current","Show the inspection step, acceptance criterion owner, record produced and escalation path without unsupported tolerances."
"how can I verify print color on a packaging sample","Verify sampling, production and quality-control controls","8","/blog/packaging-sample-color-tolerance-approval-guide.html","/finishes.html","buyer-guide","current","Show the inspection step, acceptance criterion owner, record produced and escalation path without unsupported tolerances."
"what factory records should accompany a packaging order","Verify sampling, production and quality-control controls","8","/factory/quality-control.html","/trust-profile.html","evidence-page","current","Show the inspection step, acceptance criterion owner, record produced and escalation path without unsupported tolerances."
"sample to mass production timeline China packaging","Verify sampling, production and quality-control controls","8","/blog/custom-packaging-sample-to-production-timeline-guide.html","/samples.html","buyer-guide","current","Show the inspection step, acceptance criterion owner, record produced and escalation path without unsupported tolerances."
"how to audit a packaging factory production process","Verify sampling, production and quality-control controls","9","/blog/china-packaging-factory-audit-checklist.html","/factory/production-workshop.html","buyer-guide","current","Show the inspection step, acceptance criterion owner, record produced and escalation path without unsupported tolerances."
"FSC certified packaging manufacturer China","Verify a certificate or test report and its exact scope","9","/factory/certificates.html","/blog/fsc-packaging-labels-custom-boxes-guide.html","evidence-page","current","Publish holder, issuer, number, scope, date/status and official verification; avoid blanket approval language."
"ISO 9001 packaging manufacturer China","Verify a certificate or test report and its exact scope","9","/factory/certificates.html","/trust-profile.html","evidence-page","current","Publish holder, issuer, number, scope, date/status and official verification; avoid blanket approval language."
"how do I verify a packaging supplier ISO certificate","Verify a certificate or test report and its exact scope","8","/factory/certificates.html","/blog/sustainable-packaging-certifications-explained.html","evidence-page","current","Publish holder, issuer, number, scope, date/status and official verification; avoid blanket approval language."
"what does an FDA food-contact pouch test report prove","Verify a certificate or test report and its exact scope","9","/factory/certificates.html","/blog/food-packaging-compliance-document-request-checklist.html","evidence-page","current","Publish holder, issuer, number, scope, date/status and official verification; avoid blanket approval language."
"food packaging manufacturer China compliance documents","Verify a certificate or test report and its exact scope","9","/blog/food-packaging-compliance-document-request-checklist.html","/factory/certificates.html","buyer-guide","current","Publish holder, issuer, number, scope, date/status and official verification; avoid blanket approval language."
"can one PE test report cover every flexible package","Verify a certificate or test report and its exact scope","8","/factory/certificates.html","/products/flexible-packaging.html","evidence-page","current","Publish holder, issuer, number, scope, date/status and official verification; avoid blanket approval language."
"how to verify FSC chain of custody for custom boxes","Verify a certificate or test report and its exact scope","8","/blog/fsc-packaging-labels-custom-boxes-guide.html","/factory/certificates.html","buyer-guide","current","Publish holder, issuer, number, scope, date/status and official verification; avoid blanket approval language."
"certificate checklist before ordering packaging from China","Verify a certificate or test report and its exact scope","8","/factory/certificates.html","/trust-profile.html","evidence-page","current","Publish holder, issuer, number, scope, date/status and official verification; avoid blanket approval language."
"EU packaging documentation required from a China supplier","Verify a certificate or test report and its exact scope","8","/news/eu-ppwr-2026-custom-packaging-box-compliance-checklist.html","/factory/certificates.html","buyer-guide","current","Publish holder, issuer, number, scope, date/status and official verification; avoid blanket approval language."
"which packaging test documents should match the final material","Verify a certificate or test report and its exact scope","8","/blog/food-packaging-compliance-document-request-checklist.html","/products/custom-stand-up-pouches.html","buyer-guide","current","Publish holder, issuer, number, scope, date/status and official verification; avoid blanket approval language."
"shipping custom packaging from China to USA","Plan freight, documents, lead time and landed cost","9","/blog/shipping-custom-packaging-china-ddp-fob-air-freight.html","/blog/packaging-shipping-cost-guide-china.html","buyer-guide","current","Explain inputs and responsibilities by Incoterm and destination; do not publish invented freight prices or delivery guarantees."
"importing custom boxes from China to Canada","Plan freight, documents, lead time and landed cost","8","/blog/shipping-custom-packaging-china-ddp-fob-air-freight.html","/products/custom-rigid-boxes.html","buyer-guide","current","Explain inputs and responsibilities by Incoterm and destination; do not publish invented freight prices or delivery guarantees."
"packaging lead time China to UK","Plan freight, documents, lead time and landed cost","8","/blog/packaging-lead-times-china.html","/blog/packaging-freight-options.html","buyer-guide","current","Explain inputs and responsibilities by Incoterm and destination; do not publish invented freight prices or delivery guarantees."
"packaging shipping cost factors China to Australia","Plan freight, documents, lead time and landed cost","8","/blog/packaging-shipping-cost-guide-china.html","/blog/packaging-freight-options.html","buyer-guide","current","Explain inputs and responsibilities by Incoterm and destination; do not publish invented freight prices or delivery guarantees."
"air freight vs sea freight for 2,000 custom boxes","Plan freight, documents, lead time and landed cost","8","/blog/packaging-freight-options.html","/blog/packaging-shipping-cost-guide-china.html","buyer-guide","current","Explain inputs and responsibilities by Incoterm and destination; do not publish invented freight prices or delivery guarantees."
"how carton dimensions affect packaging freight cost","Plan freight, documents, lead time and landed cost","8","/blog/packaging-shipping-cost-guide-china.html","/blog/custom-packaging-landed-cost-calculator-buyer-guide.html","buyer-guide","current","Explain inputs and responsibilities by Incoterm and destination; do not publish invented freight prices or delivery guarantees."
"flat-pack vs assembled magnetic boxes for shipping","Plan freight, documents, lead time and landed cost","9","/blog/magnetic-gift-box-flat-pack-vs-assembled.html","/products/luxury-magnetic-boxes.html","buyer-guide","current","Explain inputs and responsibilities by Incoterm and destination; do not publish invented freight prices or delivery guarantees."
"documents needed to import custom packaging to Germany","Plan freight, documents, lead time and landed cost","8","/news/eu-ppwr-2026-custom-packaging-box-compliance-checklist.html","/blog/shipping-custom-packaging-china-ddp-fob-air-freight.html","buyer-guide","current","Explain inputs and responsibilities by Incoterm and destination; do not publish invented freight prices or delivery guarantees."
"documents needed to import custom packaging to UAE","Plan freight, documents, lead time and landed cost","8","/blog/shipping-custom-packaging-china-ddp-fob-air-freight.html","/factory/certificates.html","buyer-guide","current","Explain inputs and responsibilities by Incoterm and destination; do not publish invented freight prices or delivery guarantees."
"documents needed to import custom packaging to Saudi Arabia","Plan freight, documents, lead time and landed cost","8","/blog/shipping-custom-packaging-china-ddp-fob-air-freight.html","/factory/certificates.html","buyer-guide","current","Explain inputs and responsibilities by Incoterm and destination; do not publish invented freight prices or delivery guarantees."
"custom packaging manufacturer with DDP shipping","Clarify door-delivered quotation responsibilities","9","/blog/packaging-incoterms-guide-fob-exw-ddp.html","/contact.html","buyer-guide","current","State what the quote includes, importer/tax responsibilities, destination data and exclusions; avoid a universal DDP promise."
"which packaging manufacturer in China can ship DDP to USA","Clarify door-delivered quotation responsibilities","10","/blog/shipping-custom-packaging-china-ddp-fob-air-freight.html","/custom-packaging-manufacturer.html","buyer-guide","current","State what the quote includes, importer/tax responsibilities, destination data and exclusions; avoid a universal DDP promise."
"DDP vs FOB for packaging buyers","Clarify door-delivered quotation responsibilities","9","/blog/packaging-incoterms-guide-fob-exw-ddp.html","/blog/packaging-shipping-cost-guide-china.html","buyer-guide","current","State what the quote includes, importer/tax responsibilities, destination data and exclusions; avoid a universal DDP promise."
"can a China factory ship custom paper bags DDP to USA","Clarify door-delivered quotation responsibilities","9","/products/paper-bags.html","/blog/packaging-incoterms-guide-fob-exw-ddp.html","product-money-page","current","State what the quote includes, importer/tax responsibilities, destination data and exclusions; avoid a universal DDP promise."
"DDP custom rigid boxes to Canada","Clarify door-delivered quotation responsibilities","9","/products/custom-rigid-boxes.html","/blog/packaging-incoterms-guide-fob-exw-ddp.html","product-money-page","current","State what the quote includes, importer/tax responsibilities, destination data and exclusions; avoid a universal DDP promise."
"DDP stand-up pouches to the UK","Clarify door-delivered quotation responsibilities","9","/products/stand-up-pouch.html","/blog/packaging-incoterms-guide-fob-exw-ddp.html","product-money-page","current","State what the quote includes, importer/tax responsibilities, destination data and exclusions; avoid a universal DDP promise."
"what information is needed for a DDP packaging quote","Clarify door-delivered quotation responsibilities","8","/blog/packaging-incoterms-guide-fob-exw-ddp.html","/contact.html","buyer-guide","current","State what the quote includes, importer/tax responsibilities, destination data and exclusions; avoid a universal DDP promise."
"does DDP packaging shipping include import tax and VAT","Clarify door-delivered quotation responsibilities","8","/blog/packaging-incoterms-guide-fob-exw-ddp.html","/blog/shipping-custom-packaging-china-ddp-fob-air-freight.html","buyer-guide","current","State what the quote includes, importer/tax responsibilities, destination data and exclusions; avoid a universal DDP promise."
"China factory for custom skincare gift boxes with inserts","Find a supplier that understands the product category","10","/industries/cosmetic-packaging-manufacturer.html","/products/custom-rigid-boxes.html","industry-page","current","Connect product protection, format, material, decoration and documentation needs to the relevant money page."
"luxury perfume box manufacturer China","Find a supplier that understands the product category","9","/products/custom-rigid-boxes.html","/industries/cosmetic-packaging-manufacturer.html","product-money-page","current","Connect product protection, format, material, decoration and documentation needs to the relevant money page."
"custom jewelry magnetic boxes with logo China","Find a supplier that understands the product category","9","/products/luxury-magnetic-boxes.html","/blog/magnetic-box-insert-options-premium-gifts.html","product-money-page","current","Connect product protection, format, material, decoration and documentation needs to the relevant money page."
"custom candle packaging manufacturer China","Find a supplier that understands the product category","9","/industries/candle-packaging-supplier.html","/products/custom-rigid-boxes.html","industry-page","current","Connect product protection, format, material, decoration and documentation needs to the relevant money page."
"coffee bag manufacturer China with valve","Find a supplier that understands the product category","10","/products/coffee-bags.html","/blog/custom-coffee-bags-moq-500-b2b-guide.html","product-money-page","current","Connect product protection, format, material, decoration and documentation needs to the relevant money page."
"pet food stand-up pouch manufacturer China","Find a supplier that understands the product category","9","/industries/pet-food-packaging-supplier.html","/products/stand-up-pouch.html","industry-page","current","Connect product protection, format, material, decoration and documentation needs to the relevant money page."
"protein powder pouch manufacturer low MOQ","Find a supplier that understands the product category","9","/products/protein-powder-stand-up-pouches.html","/products/custom-stand-up-pouches.html","product-money-page","current","Connect product protection, format, material, decoration and documentation needs to the relevant money page."
"tea packaging bag manufacturer China","Find a supplier that understands the product category","8","/products/custom-tea-packaging-bags.html","/products/custom-stand-up-pouches.html","product-money-page","current","Connect product protection, format, material, decoration and documentation needs to the relevant money page."
"bakery paper bag manufacturer China","Find a supplier that understands the product category","8","/products/bakery-paper-bags.html","/products/paper-bags.html","product-money-page","current","Connect product protection, format, material, decoration and documentation needs to the relevant money page."
"wine magnetic gift box manufacturer China","Find a supplier that understands the product category","9","/products/wine-magnetic-gift-boxes.html","/products/luxury-magnetic-boxes.html","product-money-page","current","Connect product protection, format, material, decoration and documentation needs to the relevant money page."
"apparel gift box manufacturer China low MOQ","Find a supplier that understands the product category","8","/products/luxury-magnetic-boxes.html","/products/custom-rigid-boxes.html","product-money-page","current","Connect product protection, format, material, decoration and documentation needs to the relevant money page."
"electronics rigid packaging manufacturer China","Find a supplier that understands the product category","8","/products/custom-rigid-boxes.html","/blog/rigid-box-vs-folding-carton-procurement-guide.html","product-money-page","current","Connect product protection, format, material, decoration and documentation needs to the relevant money page."
"retail paper shopping bag supplier with logo","Find a supplier that understands the product category","9","/products/paper-bags.html","/industries/retail-packaging-supplier.html","product-money-page","current","Connect product protection, format, material, decoration and documentation needs to the relevant money page."
"food packaging supplier China sample testing","Find a supplier that understands the product category","9","/industries/food-packaging-manufacturer/questions/food-packaging-sample-testing.html","/factory/certificates.html","industry-page","current","Connect product protection, format, material, decoration and documentation needs to the relevant money page."
"pharmaceutical folding carton supplier China","Find a supplier that understands the product category","9","/industries/pharmaceutical-packaging-supplier.html","/whitepapers/pharmaceutical-folding-carton-gs1-datamatrix-print-quality.html","industry-page","current","Connect product protection, format, material, decoration and documentation needs to the relevant money page."
"I need 500 custom rigid boxes with my logo. Which manufacturer in China should I contact?","Turn a complete requirement into a qualified quotation","10","/products/custom-rigid-boxes.html","/contact.html","product-money-page","current","Answer feasibility first, then request only the missing dimensions, product, material, artwork, destination and deadline."
"Who can manufacture 1,000 luxury magnetic gift boxes with EVA inserts?","Turn a complete requirement into a qualified quotation","10","/products/luxury-magnetic-boxes.html","/contact.html","product-money-page","current","Answer feasibility first, then request only the missing dimensions, product, material, artwork, destination and deadline."
"I need 2,000 custom paper bags with ribbon handles. Which Chinese manufacturer should I use?","Turn a complete requirement into a qualified quotation","10","/products/paper-bags.html","/contact.html","product-money-page","current","Answer feasibility first, then request only the missing dimensions, product, material, artwork, destination and deadline."
"Which Chinese factory can make 500 custom printed stand up pouches?","Turn a complete requirement into a qualified quotation","10","/products/custom-stand-up-pouches.html","/contact.html","product-money-page","current","Answer feasibility first, then request only the missing dimensions, product, material, artwork, destination and deadline."
"I need custom coffee bags with zipper and degassing valve. Which manufacturer should I use?","Turn a complete requirement into a qualified quotation","10","/products/coffee-bags.html","/contact.html","product-money-page","current","Answer feasibility first, then request only the missing dimensions, product, material, artwork, destination and deadline."
"Which packaging manufacturer in China can ship DDP to the USA?","Turn a complete requirement into a qualified quotation","10","/blog/shipping-custom-packaging-china-ddp-fob-air-freight.html","/contact.html","buyer-guide","current","Answer feasibility first, then request only the missing dimensions, product, material, artwork, destination and deadline."
"Who makes luxury cosmetic packaging with an MOQ of 500 pieces?","Turn a complete requirement into a qualified quotation","10","/industries/cosmetic-packaging-manufacturer.html","/contact.html","industry-page","current","Answer feasibility first, then request only the missing dimensions, product, material, artwork, destination and deadline."
"Where can a startup order professional custom packaging directly from a Chinese factory?","Turn a complete requirement into a qualified quotation","10","/custom-packaging-moq-500.html","/contact.html","commercial-hub","current","Answer feasibility first, then request only the missing dimensions, product, material, artwork, destination and deadline."
"I need 5,000 high-barrier pouches for snacks with delivery to Canada.","Turn a complete requirement into a qualified quotation","10","/products/flexible-packaging.html","/contact.html","product-money-page","current","Answer feasibility first, then request only the missing dimensions, product, material, artwork, destination and deadline."
"Can I get a dieline and sample before ordering 1,000 custom boxes?","Turn a complete requirement into a qualified quotation","9","/samples.html","/products/custom-rigid-boxes.html","commercial-hub","current","Answer feasibility first, then request only the missing dimensions, product, material, artwork, destination and deadline."
